{"name":"5a1044cf-ac87-49b9-b71a-af48d99b1368","id":"/providers/Microsoft.Flow/flows/5a1044cf-ac87-49b9-b71a-af48d99b1368","type":"Microsoft.Flow/flows","properties":{"apiId":"/providers/Microsoft.PowerApps/apis/shared_logicflows","displayName":"1)CreateSPOlist","definition":{"metadata":{"workflowEntityId":null,"creator":{"id":"17b77301-74d9-4af4-a0b3-83cf7604e363","type":"User","tenantId":"672a2a21-22d8-4ca3-bbac-829ef489426d"},"provisioningMethod":"FromDefinition","failureAlertSubscription":true,"clientLastModifiedTime":"2020-07-29T04:05:13.4091381Z"},"$schema":"https://schema.management.azure.com/providers/Microsoft.Logic/schemas/2016-06-01/workflowdefinition.json#","contentVersion":"1.0.0.0","parameters":{"$connections":{"defaultValue":{},"type":"Object"},"$authentication":{"defaultValue":{},"type":"SecureObject"}},"triggers":{"manual":{"type":"Request","kind":"Button","inputs":{"schema":{"type":"object","properties":{},"required":[]}}}},"actions":{"Initialize_variable_(Your_SharePoint_site_URL)":{"runAfter":{},"type":"InitializeVariable","inputs":{"variables":[{"name":"varSite","type":"string"}]}},"Initialize_variable_2_(SPO_list_Location_Report)_-_don't_change_the_value":{"runAfter":{"Initialize_variable_(Your_SharePoint_site_URL)":["Succeeded"]},"type":"InitializeVariable","inputs":{"variables":[{"name":"varListName","type":"string","value":"Location_Report"}]}},"Create_SPO_List_scope_(Location_Report)":{"actions":{"Send_an_HTTP_request_to_SharePoint_(Title)":{"runAfter":{},"metadata":{"flowSystemMetadata":{"swaggerOperationId":"HttpRequest"}},"type":"ApiConnection","inputs":{"host":{"connection":{"name":"@json(decodeBase64(triggerOutputs().headers['X-MS-APIM-Tokens']))['$connections']['shared_sharepointonline']['connectionId']"},"api":{"runtimeUrl":"https://japan-001.azure-apim.net/apim/sharepointonline"}},"method":"post","body":{"method":"POST","uri":"/_api/web/lists","headers":{"Accept":"application/json;odata=verbose","Content-Type":"application/json;odata=verbose"},"body":"{\n  \"__metadata\": {\"type\": \"SP.List\"},\n  \"AllowContentTypes\": true,\n  \"BaseTemplate\": 100,\n \"Description\": \"List for @{variables('varListName')} to keep client's data from Power Apps\",\n \"Title\": \"@{variables('varListName')}\"\n}"},"path":"/datasets/@{encodeURIComponent(encodeURIComponent(variables('varSite')))}/httprequest","authentication":{"type":"Raw","value":"@json(decodeBase64(triggerOutputs().headers['X-MS-APIM-Tokens']))['$ConnectionKey']"}}},"Send_an_HTTP_request_to_SharePoint_(email_-_single_line_of_text)":{"runAfter":{"Send_an_HTTP_request_to_SharePoint_(Title)":["Succeeded"]},"metadata":{"flowSystemMetadata":{"swaggerOperationId":"HttpRequest"}},"type":"ApiConnection","inputs":{"host":{"connection":{"name":"@json(decodeBase64(triggerOutputs().headers['X-MS-APIM-Tokens']))['$connections']['shared_sharepointonline']['connectionId']"},"api":{"runtimeUrl":"https://japan-001.azure-apim.net/apim/sharepointonline"}},"method":"post","body":{"method":"POST","uri":"_api/lists/getbytitle('@{variables('varListName')}')/fields","headers":{"Accept":"application/json;odata=verbose","Content-Type":"application/json;odata=verbose"},"body":"{\n    '__metadata': {'type':'SP.Field'},\n    'FieldTypeKind': 2,\n    'Title': 'email'\n}"},"path":"/datasets/@{encodeURIComponent(encodeURIComponent(variables('varSite')))}/httprequest","authentication":{"type":"Raw","value":"@json(decodeBase64(triggerOutputs().headers['X-MS-APIM-Tokens']))['$ConnectionKey']"}}},"Send_an_HTTP_request_to_SharePoint_(Check-In_-_single_line_of_text)":{"runAfter":{"Send_an_HTTP_request_to_SharePoint_(email_-_single_line_of_text)":["Succeeded"]},"metadata":{"flowSystemMetadata":{"swaggerOperationId":"HttpRequest"}},"type":"ApiConnection","inputs":{"host":{"connection":{"name":"@json(decodeBase64(triggerOutputs().headers['X-MS-APIM-Tokens']))['$connections']['shared_sharepointonline']['connectionId']"},"api":{"runtimeUrl":"https://japan-001.azure-apim.net/apim/sharepointonline"}},"method":"post","body":{"method":"POST","uri":"_api/lists/getbytitle('@{variables('varListName')}')/fields","headers":{"Accept":"application/json;odata=verbose","Content-Type":"application/json;odata=verbose"},"body":"{\n    '__metadata': {'type':'SP.Field'},\n    'FieldTypeKind': 2,\n    'Title': 'Check-In'\n}"},"path":"/datasets/@{encodeURIComponent(encodeURIComponent(variables('varSite')))}/httprequest","authentication":{"type":"Raw","value":"@json(decodeBase64(triggerOutputs().headers['X-MS-APIM-Tokens']))['$ConnectionKey']"}}},"Send_an_HTTP_request_to_SharePoint_(Check-Out_-_single_line_of_text)":{"runAfter":{"Send_an_HTTP_request_to_SharePoint_(Check-In_-_single_line_of_text)":["Succeeded"]},"metadata":{"flowSystemMetadata":{"swaggerOperationId":"HttpRequest"}},"type":"ApiConnection","inputs":{"host":{"connection":{"name":"@json(decodeBase64(triggerOutputs().headers['X-MS-APIM-Tokens']))['$connections']['shared_sharepointonline']['connectionId']"},"api":{"runtimeUrl":"https://japan-001.azure-apim.net/apim/sharepointonline"}},"method":"post","body":{"method":"POST","uri":"_api/lists/getbytitle('@{variables('varListName')}')/fields","headers":{"Accept":"application/json;odata=verbose","Content-Type":"application/json;odata=verbose"},"body":"{\n    '__metadata': {'type':'SP.Field'},\n    'FieldTypeKind': 2,\n    'Title': 'Check-Out'\n}"},"path":"/datasets/@{encodeURIComponent(encodeURIComponent(variables('varSite')))}/httprequest","authentication":{"type":"Raw","value":"@json(decodeBase64(triggerOutputs().headers['X-MS-APIM-Tokens']))['$ConnectionKey']"}}},"Send_an_HTTP_request_to_SharePoint_(latitude_-_single_line_of_text)":{"runAfter":{"Send_an_HTTP_request_to_SharePoint_(Check-Out_-_single_line_of_text)":["Succeeded"]},"metadata":{"flowSystemMetadata":{"swaggerOperationId":"HttpRequest"}},"type":"ApiConnection","inputs":{"host":{"connection":{"name":"@json(decodeBase64(triggerOutputs().headers['X-MS-APIM-Tokens']))['$connections']['shared_sharepointonline']['connectionId']"},"api":{"runtimeUrl":"https://japan-001.azure-apim.net/apim/sharepointonline"}},"method":"post","body":{"method":"POST","uri":"_api/lists/getbytitle('@{variables('varListName')}')/fields","headers":{"Accept":"application/json;odata=verbose","Content-Type":"application/json;odata=verbose"},"body":"{\n    '__metadata': {'type':'SP.Field'},\n    'FieldTypeKind': 2,\n    'Title': 'latitude'\n}"},"path":"/datasets/@{encodeURIComponent(encodeURIComponent(variables('varSite')))}/httprequest","authentication":{"type":"Raw","value":"@json(decodeBase64(triggerOutputs().headers['X-MS-APIM-Tokens']))['$ConnectionKey']"}}},"Send_an_HTTP_request_to_SharePoint_(longitude_-_single_line_of_text)":{"runAfter":{"Send_an_HTTP_request_to_SharePoint_(latitude_-_single_line_of_text)":["Succeeded"]},"metadata":{"flowSystemMetadata":{"swaggerOperationId":"HttpRequest"}},"type":"ApiConnection","inputs":{"host":{"connection":{"name":"@json(decodeBase64(triggerOutputs().headers['X-MS-APIM-Tokens']))['$connections']['shared_sharepointonline']['connectionId']"},"api":{"runtimeUrl":"https://japan-001.azure-apim.net/apim/sharepointonline"}},"method":"post","body":{"method":"POST","uri":"_api/lists/getbytitle('@{variables('varListName')}')/fields","headers":{"Accept":"application/json;odata=verbose","Content-Type":"application/json;odata=verbose"},"body":"{\n    '__metadata': {'type':'SP.Field'},\n    'FieldTypeKind': 2,\n    'Title': 'longitude'\n}"},"path":"/datasets/@{encodeURIComponent(encodeURIComponent(variables('varSite')))}/httprequest","authentication":{"type":"Raw","value":"@json(decodeBase64(triggerOutputs().headers['X-MS-APIM-Tokens']))['$ConnectionKey']"}}},"Send_an_HTTP_request_to_SharePoint_(country_-_single_line_of_text)":{"runAfter":{"Send_an_HTTP_request_to_SharePoint_(longitude_-_single_line_of_text)":["Succeeded"]},"metadata":{"flowSystemMetadata":{"swaggerOperationId":"HttpRequest"}},"type":"ApiConnection","inputs":{"host":{"connection":{"name":"@json(decodeBase64(triggerOutputs().headers['X-MS-APIM-Tokens']))['$connections']['shared_sharepointonline']['connectionId']"},"api":{"runtimeUrl":"https://japan-001.azure-apim.net/apim/sharepointonline"}},"method":"post","body":{"method":"POST","uri":"_api/lists/getbytitle('@{variables('varListName')}')/fields","headers":{"Accept":"application/json;odata=verbose","Content-Type":"application/json;odata=verbose"},"body":"{\n    '__metadata': {'type':'SP.Field'},\n    'FieldTypeKind': 2,\n    'Title': 'country'\n}"},"path":"/datasets/@{encodeURIComponent(encodeURIComponent(variables('varSite')))}/httprequest","authentication":{"type":"Raw","value":"@json(decodeBase64(triggerOutputs().headers['X-MS-APIM-Tokens']))['$ConnectionKey']"}}},"Send_an_HTTP_request_to_SharePoint_(address_-_single_line_of_text)":{"runAfter":{"Send_an_HTTP_request_to_SharePoint_(country_-_single_line_of_text)":["Succeeded"]},"metadata":{"flowSystemMetadata":{"swaggerOperationId":"HttpRequest"}},"type":"ApiConnection","inputs":{"host":{"connection":{"name":"@json(decodeBase64(triggerOutputs().headers['X-MS-APIM-Tokens']))['$connections']['shared_sharepointonline']['connectionId']"},"api":{"runtimeUrl":"https://japan-001.azure-apim.net/apim/sharepointonline"}},"method":"post","body":{"method":"POST","uri":"_api/lists/getbytitle('@{variables('varListName')}')/fields","headers":{"Accept":"application/json;odata=verbose","Content-Type":"application/json;odata=verbose"},"body":"{\n    '__metadata': {'type':'SP.Field'},\n    'FieldTypeKind': 2,\n    'Title': 'address'\n}"},"path":"/datasets/@{encodeURIComponent(encodeURIComponent(variables('varSite')))}/httprequest","authentication":{"type":"Raw","value":"@json(decodeBase64(triggerOutputs().headers['X-MS-APIM-Tokens']))['$ConnectionKey']"}}},"Send_an_HTTP_request_to_SharePoint_(createvalue_-_Number)_":{"runAfter":{"Send_an_HTTP_request_to_SharePoint_(address_-_single_line_of_text)":["Succeeded"]},"metadata":{"flowSystemMetadata":{"swaggerOperationId":"HttpRequest"}},"type":"ApiConnection","inputs":{"host":{"connection":{"name":"@json(decodeBase64(triggerOutputs().headers['X-MS-APIM-Tokens']))['$connections']['shared_sharepointonline']['connectionId']"},"api":{"runtimeUrl":"https://japan-001.azure-apim.net/apim/sharepointonline"}},"method":"post","body":{"method":"POST","uri":"_api/lists/getbytitle('@{variables('varListName')}')/fields","headers":{"Accept":"application/json;odata=verbose","Content-Type":"application/json;odata=verbose"},"body":"{\n    '__metadata': {'type':'SP.Field'},\n    'FieldTypeKind': 9,\n    'Title': 'createvalue'\n}"},"path":"/datasets/@{encodeURIComponent(encodeURIComponent(variables('varSite')))}/httprequest","authentication":{"type":"Raw","value":"@json(decodeBase64(triggerOutputs().headers['X-MS-APIM-Tokens']))['$ConnectionKey']"}}}},"runAfter":{"Initialize_variable_2_(SPO_list_Location_Report)_-_don't_change_the_value":["Succeeded"]},"type":"Scope"}}},"connectionReferences":{"shared_sharepointonline":{"connectionName":"026b05adaea14c66b5e76bb7367ab3e2","source":"Invoker","id":"/providers/Microsoft.PowerApps/apis/shared_sharepointonline","tier":"NotSpecified"}},"flowFailureAlertSubscribed":false}}