{"schemaVersion":"1.0","appDefinitionTemplate":{"id":"/providers/Microsoft.PowerApps/apps/","type":"Microsoft.PowerApps/apps","tags":{"sp-site-id":"https://m365x129757.sharepoint.com/sites/ProjectH","sp-list-id":"b3e9ea35-dfae-4ab9-83c6-acff7c822d93","https://m365x129757.sharepoint.com/sites/ProjectH":"b3e9ea35-dfae-4ab9-83c6-acff7c822d93","primaryDeviceWidth":"640","primaryDeviceHeight":"1136","sienaVersion":"20200729T044922Z-3.20072.20.0","deviceCapabilities":"location","supportsPortrait":"true","supportsLandscape":"false","primaryFormFactor":"Phone","publisherVersion":"3.20072.20","minimumRequiredApiVersion":"2.2.0","hasComponent":"false","hasUnlockedComponent":"false","isUnifiedRootApp":"false"},"properties":{"appVersion":"2020-07-29T04:49:22Z","lifeCycleId":"Published","createdByClientVersion":{"major":3,"minor":20072,"build":20,"revision":0,"majorRevision":0,"minorRevision":0},"minClientVersion":{"major":3,"minor":20072,"build":20,"revision":0,"majorRevision":0,"minorRevision":0},"backgroundColor":"rgba(251, 101, 60, 1)","backgroundImageUri":"/9264642787340791550/N9cdc26e0-cdeb-4247-9427-54c6e5b05908-logoSmallFile","displayName":"Location Report (Basic 1)","description":"","commitMessage":"","appUris":{"documentUri":{"value":"/9264642787340791550/N2994cdf5-71a5-4faa-9eb8-418c593bff8f-document.msapp","readonlyValue":"/9264642787340791550/N2994cdf5-71a5-4faa-9eb8-418c593bff8f-document.msapp"},"imageUris":[]},"createdTime":"0001-01-01T00:00:00Z","lastModifiedTime":"0001-01-01T00:00:00Z","sharedGroupsCount":0,"sharedUsersCount":0,"icons":{"smallIconUri":"/9264642787340791550/Nebee8edd-955e-47c4-89c5-834b5d1606e1-small.png","mediumIconUri":"/9264642787340791550/N1c9fc722-a736-4579-9901-22cad7fe624b-medium.png","largeIconUri":"/9264642787340791550/N9de9ed27-53a1-4f49-b2df-594c07ba8fee-large.png","wideIconUri":"/9264642787340791550/Nbd889565-e233-4237-91e2-615d10ea9e59-wide.png"},"connectionReferences":{"f33bf15e-f37c-4a66-bec1-26f743e12c69":{"id":"db70c08d-74b1-4566-943f-09d74146c061","displayName":"Microsoft 365 Users","iconUri":"https://connectoricons-prod.azureedge.net/releases/v1.0.1373/1.0.1373.2081/office365users/icon.png","dataSources":["Office365Users"],"dependencies":[],"dependents":[],"parameterHints":{},"isOnPremiseConnection":false,"dataSets":{},"apiTier":"Standard","isCustomApiConnection":false},"b84d5362-f488-41d6-aeb4-0dc89a027860":{"id":"021e1f7d-0d4c-4c72-b163-3fb02063ff48","displayName":"Microsoft Teams","iconUri":"https://connectoricons-prod.azureedge.net/teams/icon_1.0.1366.2054.png","dataSources":["MicrosoftTeams"],"dependencies":[],"dependents":[],"parameterHints":{},"isOnPremiseConnection":false,"dataSets":{},"apiTier":"Standard","isCustomApiConnection":false}},"databaseReferences":{},"almMode":"Environment","performanceOptimizationEnabled":true,"canConsumeAppPass":true},"isAppComponentLibrary":false,"appType":"ClassicCanvasApp","appComponents":[]}}