{"schemaVersion":"1.0","appDefinitionTemplate":{"id":"/providers/Microsoft.PowerApps/apps/","type":"Microsoft.PowerApps/apps","tags":{"sp-site-id":"https://m365x129757.sharepoint.com/sites/ProjectH","sp-list-id":"b3e9ea35-dfae-4ab9-83c6-acff7c822d93","https://m365x129757.sharepoint.com/sites/ProjectH":"b3e9ea35-dfae-4ab9-83c6-acff7c822d93","primaryDeviceWidth":"640","primaryDeviceHeight":"1136","sienaVersion":"20200615T063555Z-3.20061.27.0","deviceCapabilities":"location","supportsPortrait":"true","supportsLandscape":"false","primaryFormFactor":"Phone","publisherVersion":"3.20061.27","minimumRequiredApiVersion":"2.2.0","hasComponent":"false","hasUnlockedComponent":"false","isUnifiedRootApp":"false"},"properties":{"appVersion":"2020-06-15T06:35:55Z","lifeCycleId":"Published","createdByClientVersion":{"major":3,"minor":20061,"build":27,"revision":0,"majorRevision":0,"minorRevision":0},"minClientVersion":{"major":3,"minor":20061,"build":27,"revision":0,"majorRevision":0,"minorRevision":0},"backgroundColor":"rgba(251, 101, 60, 1)","backgroundImageUri":"/11069850714264045834/N5934adf8-3387-4915-8160-db32152d78cb-logoSmallFile","displayName":"Location Report (template)","description":"","commitMessage":"","appUris":{"documentUri":{"value":"/11069850714264045834/N2e9adc8b-54fe-42be-abda-68c43ba108ed-document.msapp"},"imageUris":[]},"createdTime":"0001-01-01T00:00:00Z","lastModifiedTime":"0001-01-01T00:00:00Z","sharedGroupsCount":0,"sharedUsersCount":0,"icons":{"smallIconUri":"/11069850714264045834/N694fac84-a617-4c76-bf51-22909cb4cb83-small.png","mediumIconUri":"/11069850714264045834/N8ed62cf8-dbbb-4af7-8851-260ed6491942-medium.png","largeIconUri":"/11069850714264045834/N38cd1927-7117-485b-9aa3-2ca7a202b35f-large.png","wideIconUri":"/11069850714264045834/N930ef3ea-7f55-4e88-887a-1b1c72215ac5-wide.png"},"connectionReferences":{"48f06629-81d1-481b-9e96-31745bc53149":{"id":"c1854dd2-2773-4ca4-9a31-2e13035275c1","displayName":"SharePoint","iconUri":"https://connectoricons-prod.azureedge.net/sharepointonline/icon_1.0.1355.2023.png","dataSources":["LocationAndTime"],"dependencies":[],"dependents":[],"parameterHints":{},"isOnPremiseConnection":false,"dataSets":{"https://m365x129757.sharepoint.com/sites/ProjectH":{"dataSources":{"LocationAndTime":{"tableName":"b3e9ea35-dfae-4ab9-83c6-acff7c822d93"}}}},"apiTier":"Standard","isCustomApiConnection":false},"0e86289c-68f2-41be-8ebf-754172d82d18":{"id":"fda8ae45-925d-4a35-b46e-910f1257db85","displayName":"Bing Maps","iconUri":"https://connectoricons-prod.azureedge.net/bingmaps/icon_1.0.1329.1953.png","dataSources":["BingMaps"],"dependencies":[],"dependents":[],"parameterHints":{},"isOnPremiseConnection":false,"sharedConnectionId":"0a95086f-26bd-4170-b083-9b5d4a8ea590","dataSets":{},"apiTier":"Standard","isCustomApiConnection":false},"f33bf15e-f37c-4a66-bec1-26f743e12c69":{"id":"db70c08d-74b1-4566-943f-09d74146c061","displayName":"Office 365 Users","iconUri":"https://connectoricons-prod.azureedge.net/office365users/icon_1.0.1357.2029.png","dataSources":["Office365Users"],"dependencies":[],"dependents":[],"parameterHints":{},"isOnPremiseConnection":false,"dataSets":{},"apiTier":"Standard","isCustomApiConnection":false}},"databaseReferences":{},"almMode":"Environment","performanceOptimizationEnabled":true,"canConsumeAppPass":true,"executionRestrictions":{"isTeamsOnly":false,"dataLossPreventionEvaluationResult":{"status":"Compliant","lastEvaluationDate":"2020-10-28T07:35:25.4418891Z","violationDetails":[]}}},"isAppComponentLibrary":false,"appType":"ClassicCanvasApp","appComponents":[]}}